Dados de Registros de Patentes e Propriedade Intelectual;;;;;;;;;
ID;TITULO;SITUAÇÃO;DATA DO DEPÓSITO;DATA DE VALIDADE DA PATENTE;N° DE REGISTRO JUNTO AO INPI ;N° DA PATENTE / CÓDIGO;TITULARES;COTITULARES;INVENTOR
1;Compósito de matriz polimérica com a utilização de resíduos da extração e do beneficiamento de quartzito como carga mineral particulada e método de obtenção;Vigente;30/08/2019;30/08/2039;BR 10 2019 018155 9;BR 10 2019 018155 9;CETEM;CETEM;Mônica Castoldi Borlini Gadioli / Carlos Paulino Agrizzi / Francisco Wilson Hollanda Vidal / Carlos Maurício Fontes Vieira / Elaine Aparecida Santos Carvalho Costa
2;Processo de preparação de um material composto, material composto e artigo assim produzido;Vigente;29/08/2019;29/08/2039;BR 10 2019 017991 0;BR 10 2019 017991 0;CETEM;INT / UEZO;Márcia Gomes de Oliveira / Roberto Carlos da Conceição Ribeiro / Maiccon Martins Barros / daniele Cruz Bastos / Marcelo Ferreira Leão de Oliveira
3;Rebolos abrasivos para polimetno de rochas ornamentais com sílica oriunda da queima da palha de arroz;Vigente;26/03/2018;26/03/2038;BR 10 2018 006067 8;BR 10 2018 006067 8;CETEM;CETEM;Leonardo Luiz Lyrio da Silveira / Philipe Fernandes de Almeida / Wana Favero Gaburo Dorigo
4;Processo para obtenção de filamento a ser utilizado em impressora 3D constituído de PLA/ABS ou blenda contendo este polímeros reforçado com resíduos de corte e beneficiamento de rochas ornamentais;Vigente;22/11/2018;22/11/2038;BR 10 2018 074008 3;BR 10 2018 074008 3;CETEM;INT;Márcia Gomes de Oliveira / Roberto Carlos da Conceição Ribeiro / Rossana Mara da Silva Moreira Thire / Marceli Nascimetno da Conceição
5;Geração de Sacos Biodegradáveis Fixadores de Mudas de Plantas Contendo Resíduos de Rochas Ornamentais como Corretivos de pH de Solos Agrícolas;Vigente;30/10/2024;30/10/2044;BR 10 2024 022701 8;BR 10 2024 022701 8;CETEM;CETEM;Roberto Carlos da Conceição Ribeiro / Gabriel Terra Ramos de Oliveira / Marceli do Nascimento da Conceição / Mônica Monnerat Tardin Bastos
6;Processo de obtenção de dióxido de titânio puro;Vigente;23/07/2024;23/07/2044;BR 10 2024 015026 0;BR 10 2024 015026 0;CETEM;UFRJ;Andrey Linhares Bezerra de Oliveira / Manuel Castro Carneiro / Júlio Carlos Afonso / Gabriel Delier Santos da Silva / Arnaldo Alcover Neto / Paula Fernandes de Aguiar / Reiner Neumann
7;Geração de peças para recomposição de esculturas pétreas utilizando pasta de resíduos de rochas ornamentais por meio de impressão 3D em pasta;Vigente;10/06/2024;10/06/2044;BR 10 2024 011709 3;BR 10 2024 011709 3;CETEM;CETEM;Roberto Carlos da Conceição Ribeiro / Vitória da Silva Freitas / Marceli do Nascimento da Conceição / Rosana elisa Coppêde Silva / Michelle Teixeira Costta Cassiano dos Santos
8;Geração de corais artificiais utilizando pasta de resíduos minerais por meio de impressão 3D em pasta;Vigente;10/06/2024;10/06/2044;BR 10 2024 011707 7;BR 10 2024 011707 7;CETEM;CETEM;Roberto Carlos da Conceição Ribeiro / Manuella de Lima Ribeiro / Marceli do Nascimento da Conceição / Núria Fernândez Castro
9;Desenvolvimento de métodos para a determinação de arsênio total, dissolvido, particulado, volátil e iônico em petróleo, óleo de xisto e amostras correlatas;Vigente;09/11/2023;09/11/2043;BR 10 2023 023483 6 ;BR 10 2023 023483 6 ;CETEM;Petrobras;Arnaldo Alcover Neto / Lívia Gonçalves Leida Soares / Rainerio Escalfoni Júnior
10;Biorreator para tratamento de solo contaminado com hidrocarbonetos em fase semissólida;Vigente;19/10/2023;19/10/2043;BR 10 2023 021743 5;BR 10 2023 021743 5;CETEM;CETEM;Daniele Leonel da Rocha / Cláudia Duarte da Cunha / Eliana Flávia Camporese Sérvulo / Andrea Camardella de Lima Rizzo
11;Método para especificação da força de corte empregando simulador de desgaste de pérolas diamantadas;Vigente;11/07/2023;11/07/2043;BR 10 2023 013827 6;BR 10 2023 013827 6;CETEM;CETEM;Leonardo Luiz Lyrio da Silveira / Beatriz Carvalheira Moreira / Francisco Wilson Hollanda Vidal / Luan Lamon Machado
12;Geração de cápsulas de café biodegradáveis contendo resíduos de rochas ornamentais como fontes de fertilizantes de solos;Vigente;13/06/2023;13/06/2043;BR 10 2023 011665 5;BR 10 2023 011665 5;CETEM;UERJ;Roberto Carlos da Conceição Ribeiro / Marceli do Nascimento da Conceição / Mônica Monnerat Tardin Bastos / Riquelme Gomes da Silva / Daniele Cruz Bastos 
13;Membranas filtrantes biodegradáveis de polihidroxialcanoatos nano e micro aditivadas com atividade antimicrobiana e seu processo de fabricação;Vigente;20/12/2022;20/12/2042;BR 10 2022 024923 7;BR 10 2022 024923 7;CETEM;UFRJ;Rossana Mara da Silva Moreira Thiré / Lucas Gomes Rabello / Maira Rievrs Nogueira Alvares / Paula Mendes Jardim / Robeerto Carlos da Conceição Ribeiro 
14;Geração de tampas de bueiro constituídas de poliuretano não expansivo, natural ou artificial, resíduos da lavra e beneficiamento de quartizitos, fibras de côco e antioxidante;Vigente;05/07/2021;05/07/2041;BR 10 2021 013304 0;BR 10 2021 013304 0;CETEM;CETEM;Roberto Carlos da Conceição Ribeiro / Alessandra de Almeida Ferreira
15;Espuma vítrea contendo resíduo de mármore;Vigente;17/02/2021;17/02/2041;BR 10 2021 002862 9;BR 10 2021 002862 9;CETEM;UENF;CARLOS MAURÍCIO FONTES VIEIRA / MICHELLE PEREIRA BABISK / THAINÁ CORREIA VILELA / VINÍCIUS RODRIGUES GOMES / Mônica Castoldi Borlini Gadioli
16;Rocha artificial de resina poliuretana vegetal a base de óleo de mamona e resíduos de rocha ornamental;Vigente;04/10/2019;04/10/2039;BR 10 2019 020915 1;BR 10 2019 020915 1;CETEM;UENF;Mônica Castoldi Borlini Gadioli / Carlos Paulino Agrizzi / Francisco Wilson Hollanda Vidal / Carlos Maurício Fontes Vieira / Elaine Aparecida Santos Carvalho Costa
17;Processo de formação de compósito constituído de poliuretano e minerais com propriedades de isolamentos, acústico e térmico;Carta;07/08/2019;07/08/2039;BR 10 2019 016371 2;BR 10 2019 016371 2;CETEM;INT;Roberto Carlos da Conceição Ribeiro / Márcia Gomes de Oliveira / Maiccon Martins Barros / Lucas Gomes Rabello
18;Produção de eps e sua aplicação na sorção de metais;Vigente;13/12/2017;13/12/2037;BR 10 2017 026937 0;BR 10 2017 026937 0;CETEM;UFRJ;Natalia Franco Taketani / Cláudia Duarte da Cunha / Selma Gomes Ferreira Leite / Andrea Camardella de Lima Rizzo / Diogo Simas Bernardes Dias
19;Processo de obtenção de piso gerador de energia a partir de resíduos do corte de rochas ornamentais ;Vigente;29/09/2017;29/09/2037;BR 10 2017 021019 7;BR 10 2017 021019 7;CETEM;INT;Roberto Carlos da Conceição Ribeiro / Marcia Gomes de Oliveira 
20;Processo contínuo para separação de terras-raras leves ;Carta;14/10/2016;14/10/2036;BR 10 2016 023957 5;BR 10 2016 023957 5;CETEM;CETEM;Ysrael Marrero Vera / Rafael de Carvalho Gomes / Luciana Amaral Seruff / Maíra Labanca Waineraich Scal 
21;Processo de formação de papel braille polimérico utilizando como carga resíduos gerados na lavra e no beneficiamento de rochas ornamentais ;Carta;14/04/2016;14/04/2036;BR 10 2016 008285 4;BR 10 2016 008285 4;CETEM;INT;Roberto Carlos da Conceição Ribeiro / Márcia Gomes de Oliveira / Natielly Andressa da Silva Souza 
22;Equipamento para simulação de polimento de rochas ornamentais ;Carta;17/12/2015;17/12/2035;BR 10 2015 031693 3;BR 10 2015 031693 3;CETEM;CETEM;Leonardo Luiz Lyrio da Silveira / Gerson Ferri / Vagner Moro Ferreira Leitão 
23;Polipropileno com resíduos de rochas ornamentais para a produção de armação de óculos;Vigente;30/07/2015;30/07/2035;BR 10 2015 018244 9;BR 10 2015 018244 9;CETEM;INT;Roberto Carlos da Conceição Ribeiro / Marcia Gomes de Oliveira / Fernanda Veloso de Carvalho
24;Processos de formação de tubetes e/ou vasos poliméricos agrícolas utilizando como carga resíduos minerais ;Carta;30/07/2015;30/07/2035;BR 10 2015 018246 5;BR 10 2015 018246 5;CETEM;INT;Roberto Carlos da Conceição Ribeiro / Marcia Gomes de Oliveira 
25;Processo e composição para produção de papel polimérico ;Carta;24/07/2013;24/07/2033;BR 10 2013 018881 6;BR 10 2013 018881 6;CETEM;INT;Marcia Gomes de Oliveira / Roberto Carlos da Conceição Ribeiro / Marceli Nascimento da Conceição 
26;Processo de clarificação de óleos usando a paligorsquita ativada termicamente ;Carta;08/05/2013;08/05/2033;BR 10 2013 013761 8;BR 10 2013 013761 8;CETEM;Itaoeste Serviços e Participações LTDA;Edson Cavalcanti da Silva Filho / Katiane Cruz Magalhães Xavier / Maria Rita de Morais Chaves Santos / Adão Benvindo da Luz 
27;Processo de redução do teor de sílica reativa contida em bauxita para posterior utilização no processo bayer ;Vigente;01/03/2012;01/03/2032;BR 10 2012 004629 6;BR 10 2012 004629 6;CETEM;UFRJ;Francisco Manoel Dos Santos Garrido / Marta Eloisa Medeiros / Fernanda Arruda Nogueira Gomes da Silva / Carla Napoli Barbato / João Alves Sampaio
28;Processo de formação de compósitos poliméricos utilizando como carga resíduos gerados na lavra e no beneficiamento de rochas ornamentais ;Carta;22/12/2011;22/12/2031;PI 1105757-2;PI 1105757-2;CETEM;INT;Marcia Gomes de Oliveira / Roberto Carlos da Conceição Ribeiro / Camila Maria Rosa Arruda / Francisco Wilson Hollanda Vidal / Regina Coeli Casseres Carriso / Larissa Ribeiro de Souza 
29;Processo de formação de rocha artificial constituída de resíduos de rochas ornamentais carbonatadas com resina vegetal e um sistema piezoelétrico interligado entre a referida rocha e a tela de vidro traseira capaz de gerar e acumular energia com um sistema Arduíno associado;Vigente;04/07/2025;24/07/2045;BR 10 2025 015439 0;BR 10 2025 015439 0;CETEM;CETEM;Roberto Carlos da Conceição Ribeiro / Lucar Marques Palermo de Aguiar / Marceli do Nascimento da Conceição / Williane Gomes de Figueiredo / Pedro Paulo Cardoso Lima
30;Processo de formação dormente ferroviário constituído de resina, vegetal ou não,  e resíduos de aciaria misturado com argilas 2:1;Vigente;18/09/2025;18/09/2045;BR 10 2025 019994 7;BR 10 2025 019994 7;CETEM;CETEM;Roberto Carlos da Conceição Ribeiro / Laura Oliveira Gomes
31;Processo de formação dormente ferroviário constituído de resina, vegetal ou não,  e resíduos de aciaria misturado com argilas 2:1;Vigente;24/06/2005;24/06/2025;PI 0503121-4;PI 0503121-4;CETEM;EMBRAPA;Roberto Carlos da Conceição Ribeiro / Laura Oliveira Gomes
